Name,Telefon,Straße,Ort
Dolly Davenell,8809903417,1 Toban Circle,Luozhou
Felizio Dever,9616457675,49370 Trailsway Terrace,Cikaras
Bryan Bruffell,3232509905,9 Fair Oaks Park,Mama
Rona Livingston,8714397535,27 Chinook Plaza,Ibabang Tayuman
Boycie Asson,9246845332,0041 Randy Alley,Puerto La Cruz
Ranique Schenfisch,2085402820,6 Hermina Street,Cucuyagua
Jarrid Ungerechts,8541317875,3 Birchwood Point,Norman Wells
Rog Harpham,5971822420,24135 Maryland Circle,Qiulu
Travers Every,4573868456,458 Loeprich Trail,Mekarsari
Ichabod Bruntje,5713040971,74 Vernon Place,Sterling
Thorny Palluschek,9516220864,23 Laurel Point,Strezhevoy
Merline Goreisr,4146545984,92284 Colorado Lane,Milwaukee
Godart Youings,8441752267,0 Lawn Circle,Frederico Westphalen
Trever Bushell,5738128043,89 Oak Valley Center,Kelasuri
Kerby Hebborne,8614497908,1114 Nova Plaza,Zemun
Elysee Romeo,7028206740,14136 Barnett Circle,Reno
Garvin Kiffin,1212608975,3348 Oxford Road,Esquina
Katti Roget,7534508323,5348 Meadow Ridge Lane,Chuntai
Merci Basnett,3338014402,1 Red Cloud Place,Nol
Ryan De Antoni,9964561397,61831 Hanson Court,Mendi
Washington Norkutt,9816235085,0824 Emmet Pass,Xinzhou
Drugi Filpo,3371056476,93718 Dovetail Pass,Lafayette
Levy Dolton,2375790554,2174 Susan Park,Massenya
Marcellina Hastewell,7834929614,1 Fallview Parkway,Corquín
Wallie Cordaroy,7609620244,22662 Sunbrook Street,Uherský Ostroh
Olivier Barwick,2917753043,66643 Claremont Center,Chita
Mackenzie Ableson,8604541945,3286 Elka Road,Bašaid
Valerye Mackilpatrick,2848749133,346 Morningstar Terrace,Yakovlevskoye
Darill Fellowes,7901780799,0553 Buell Pass,Радолишта
Maurene Woodstock,2594681141,08 Lerdahl Lane,Yeoju
Michel Thompson,2523411332,51 Esch Center,Selemadeg Kelod
Amelia Napthine,8908349242,3568 Maryland Pass,Timiryazevo
Ervin Benzies,4136867370,8 Fairfield Alley,Balice
Maible Quarrington,2973356116,373 Leroy Circle,Örebro
Isis Dublin,9775741154,035 Susan Drive,Vera Cruz
Cully Antonikov,2931457804,4 Lindbergh Park,Anju
Cinderella Jeromson,6728404320,140 Esch Drive,Krasae Sin
Sapphire Brabham,8879903106,04515 Summerview Parkway,Yanglinqiao
Elie Bennetts,1433318074,0 Old Shore Plaza,Moravče
Tome Knevet,6968469785,96726 Riverside Court,Tsapêraī
Rowena Donaldson,7937781401,58467 Forster Terrace,Xinyuan
Kai Bellchamber,8992953998,89 Manufacturers Place,Bankeryd
Wes Bracchi,7735713497,8 Melrose Alley,Huadi
Anna-maria McCathie,4301459348,9 Fulton Crossing,Besukrejo
Sergio Greschke,8655111732,969 Russell Court,Curití
Cob Zanetti,2108486706,24 Eagle Crest Court,Padangtepung
Patricia Backhouse,2591174806,7 Welch Park,Kladovo
Hilary Lomas,8241468288,8416 Jenna Place,Melun
Rutger Jandera,7571488335,297 American Ash Way,Prang Ku
Morgan Deaconson,2871833013,654 Gateway Crossing,Brody
Min Innocenti,9357210471,4 Crowley Terrace,Oslo
Melvin Trotman,3614503326,504 Novick Drive,Khao Wong
Irena Osmund,4469271645,18814 Oak Valley Road,Xinxing
Betsy Tryhorn,1053914931,981 Lakewood Gardens Circle,Paris 03
Valentijn Whiteland,5051807409,4 Homewood Hill,Matos da Ranha
Immanuel Freschi,6477649847,1 Duke Drive,Chaoyangdong
Mimi Kenion,1696985331,24 Debs Avenue,Baisha
Andree Culpan,8438512428,1177 Springs Road,Yên Bái
Blanch Poyle,1823254257,3 Elgar Trail,Saint Helier
Eydie Shorie,8064364120,535 Maple Alley,Barg-e Matāl
Iormina Pye,4423173426,6 Orin Center,Mayisyan
Adele Arundale,9522868393,0807 Coleman Terrace,Tajinan
Addy Valti,9583344600,8524 Texas Hill,Coroatá
Josias Skitch,3816798874,6253 4th Parkway,Zhuxing Chaoxianzu
Parker Cawley,3948214286,6686 Texas Avenue,El Rancho
Lois Poznan,4896525090,889 Cherokee Alley,Verkhn’odniprovs’k
Anny Kincaid,3265985080,5714 Messerschmidt Drive,Canauay
Raviv Traviss,4157522875,37311 Trailsway Parkway,San Francisco
Livy Nowakowski,6685424695,9 North Road,Stockholm
Erina Lydiate,1934491983,71 Bartillon Crossing,Bahorí
Pat Lusted,3975361124,86644 New Castle Crossing,Gadon
Corrinne Maxted,5666881064,2 Vidon Court,Cornillon
Bette Dobbing,9288587524,7634 Roxbury Hill,Dongda
Sigismund Exter,8311621476,25 Delladonna Plaza,Smiltene
Julietta Humpatch,6375314274,5 Nelson Way,Donghe
Johna Villa,6407525991,1 Forest Center,Cateel
Starlin Muldowney,6252650001,04 Bay Park,Wschowa
Gearalt Ceresa,4271741644,0 Melody Park,Himi
Cliff Mableson,2828786291,5 Alpine Parkway,Berkovitsa
Kipp Kleyn,8294477887,065 Buena Vista Plaza,Arani
Eleonore Brudenell,2127664609,82 Corscot Point,Mikhaylovka
Hammad Novic,2568042208,73 Glacier Hill Pass,Srubec
Larine Measom,5619564350,74 Quincy Avenue,Pruszcz Gdański
Mari Syddall,6739466073,5 Ruskin Pass,Lagny-sur-Marne
Bernard Chatenet,9804418085,6174 Vera Plaza,Baran
Gerek Giblin,4964461078,30699 Alpine Way,Āshtīān
Donnie Hamberston,5769359091,2 New Castle Alley,Kotlas
Isabeau Domenge,6514348161,884 Iowa Point,Maloye Verevo
Josh Wink,5581263119,9 Darwin Way,Pantian
Gwendolen Pundy,1785162543,0941 Elka Lane,Shangpai
Kerstin Rotham,3488850586,58039 Nevada Park,Jinhui
Paul Dray,8402098614,419 Towne Terrace,Marinilla
Jaimie McGriffin,1651205665,8 Hoepker Road,Thessaloníki
Lorraine Goldby,1186977402,24330 Holmberg Court,General Lavalle
Rebekkah Kalinowsky,5204172231,50602 Hansons Plaza,Sungai Raya
Christi Shrive,9955873668,8 Sauthoff Place,Hacienda La Calera
Gisele Annon,5606200315,8271 Grover Terrace,Bagadó
Christalle Castaignet,6995216615,4 Express Circle,Šmartno pri Litiji
Umberto Creus,5961475347,75826 Stone Corner Point,Lang
Gigi Burg,2954592188,687 Drewry Parkway,Ludza
Molli Sheara,8301121369,31594 Lukken Street,Turi
Victoria Willcock,5284351306,2 Grover Center,Zastron
Bertie Perse,3211142986,4251 Blue Bill Park Point,Gasa
Helaina Copley,4051333102,14404 Green Road,Oklahoma City
Kev Tethcote,5919815733,3156 Erie Lane,Libofshë
Deeann Sinnat,2445146803,0487 Mcguire Terrace,Xieji
Marco Kauschke,7165104050,86349 Lillian Park,Mae Sai
Taylor Pinckstone,8971165740,862 Starling Point,Rájec-Jestřebí
Corrinne Breheny,2803873889,977 Springs Alley,Ipala
Rozanna Gheorghescu,9075624309,7 Muir Place,Gaoxiang
Myrilla Dowthwaite,3731523109,81 Carpenter Road,Miyako
Mercy Klaes,8045142934,2 Spohn Place,Balfour
Arlinda Wahncke,3355220844,171 Harbort Court,Kuchinarai
Norine Schwandner,2293517179,800 Barby Avenue,Shalkar
Valina Algore,4698108002,7 Randy Court,Cipolletti
Riane Snawden,4928276370,4362 International Way,Tours
Wren De Moreno,6893092395,68 Rusk Plaza,Amiens
Poul Fearnill,9874475360,3 Carioca Trail,Farmahīn
Worth Caswell,7405543795,38677 Bultman Way,Cabatang
Conan McGinley,3174578504,2727 Pearson Plaza,Laironja
Lorna MacAllen,8596916587,55904 Oak Lane,Wolowona
Kerk Bowditch,1526013564,48 Buena Vista Lane,Codrington
Davine Gleadhall,8487691964,01 Northfield Crossing,Gostivar
Derrek Hurll,5277541229,5093 Lakewood Terrace,Wushi
Antonie Breitling,8059022421,6 Karstens Hill,Santa Barbara
Natala Sebire,5005935856,9747 Emmet Trail,Fort-de-France
Park Guille,3308688210,0 Glacier Hill Park,Energodar
Kristel Fydo,7647088000,084 Golden Leaf Point,Prakhon Chai
Myron Ouchterlony,3416933161,11225 Buhler Parkway,Abovyan
Adolph Ibbison,7952199013,089 Nobel Parkway,Áno Kopanákion
Harcourt Horder,1939818970,16 Dexter Park,Łysomice
Babette Lochet,6659692360,52 Crest Line Plaza,Mthatha
Kelcie Grunwald,3193626092,61530 Hagan Place,Baiyang
Walliw Vedenyakin,4727151182,60833 Boyd Court,Claver
Lawry Healings,4093291765,8 Fair Oaks Pass,Kunashak
Nadine Le Grand,8304934791,7 Vidon Avenue,Nový Knín
Elia Dabes,6465599682,34860 Harper Hill,Shakhun’ya
Helge Wallege,9112825231,92 Sycamore Hill,Xiayang
Godfree Galbraeth,2106795155,018 Park Meadow Drive,San Antonio
Padgett Tuting,4792382208,5 8th Road,Panambi
Arlette MacTrustram,1462018316,1033 Rieder Court,Ragay
Marion Arnaudot,1343047532,13 Montana Place,Cerro Azul
Indira Swinn,8685419909,669 Reindahl Lane,Hongxi
Batholomew Dorracott,9007818843,0980 Sachs Hill,Sigli
Anett Osbaldeston,5128379027,4 Sherman Pass,Nukuoro
Nettle Batho,9293799423,49 Farmco Crossing,San Carlos de Bolívar
Arin Choat,3602307023,688 Monica Alley,Strum
Valida McBlain,2284172371,51254 International Circle,Rondonópolis
Porty Fripps,7198887732,264 Rusk Plaza,Sal’sk
Estrellita Goodbanne,5314795509,04294 Eliot Lane,Madrid
Reena Drewry,4313148274,08 Fordem Circle,Novovolyns’k
Leia Luberti,5321336822,2 Straubel Avenue,Rionegro
Gibb Seman,9692270395,5655 Walton Hill,Isahaya
Katee Leel,9203918479,1 Marquette Lane,Liancheng
Nonna Balham,2444994129,2 Bonner Pass,Chakwāl
Herbie Prout,7482635940,07488 Norway Maple Avenue,Kampong Cham
Dulsea Shenfish,6934593306,40 Dunning Road,Jardinópolis
Olympie Mulrean,7776467393,15605 Mandrake Way,Otuke
Issie Polye,1244587638,28 Raven Junction,Northern Suburbs Mc
Gabrielle Havvock,7928907636,593 8th Street,Sablé-sur-Sarthe
Glen Oppy,2898693510,99440 Sachs Trail,Shchigry
Tommy Jenny,9885193840,5 Holy Cross Hill,Yongping
Linda Reiach,9346082590,042 5th Place,Kota Bharu
Diego Feare,6959021462,4169 Sachs Street,Ceres
Raynell O'Hear,8453155720,23497 Westridge Lane,San Jerónimo
Sally Tottle,5067342636,8 Cardinal Point,Voyskovitsy
Cindra Lambertazzi,6973937770,0042 Scott Street,Gangou
Maudie Shakle,9467871825,1 Moulton Road,Pitangueiras
Perri Rubra,7265975205,1139 Scofield Plaza,Lubāna
Titos Keiling,7782114059,8689 Schurz Court,Niutang
Anne-marie Georgelin,9133687853,6160 Coolidge Pass,Shawnee Mission
Whit Blackeby,3098163311,94 Oxford Crossing,Jiangcun
Pascal Monnery,9785151878,44179 Sunnyside Street,Kura
Edeline Winks,6844091462,987 Wayridge Parkway,Kota Kinabalu
Tades Eliesco,8125884067,365 Emmet Crossing,Basseterre
Wilie Burberry,3733256047,85306 Transport Avenue,Sastöbe
Korry Wrates,8343417245,87 Reindahl Hill,Krasnomayskiy
Bradley Bungey,2453090745,07 Kings Junction,Conceição da Feira
Fielding Govier,5125373750,265 Oak Street,Foundiougne
Adiana Tixall,6981966756,686 Ridgeview Drive,Hong’an Chengguanzhen
Brnaby Blaycock,5887876371,146 West Center,Guanyinsi
Jerry Neve,4512846526,40369 Hallows Plaza,El Marañón
Merrill Cruikshanks,1701734823,63 Maple Wood Park,Yogyakarta
Moss Hounson,1143091424,55524 Derek Way,Shchëkino
Mendie Medlicott,1616164239,734 Lawn Drive,Kinel’-Cherkassy
Rossy Sapsed,9192893500,9081 Bartelt Trail,Cuyotenango
Joellen Chant,8791345158,1 Beilfuss Circle,Quinta de Valadares
Sal Corkish,6773784886,73 Goodland Center,Shiqiao
Steward Mullaney,8568426701,1 Arizona Terrace,Fundong
Gabriel Gussie,4861781838,640 Ridgeway Park,Klayusiwalan
Fiona Chicken,7203172666,24051 Novick Street,Cuogang
Yancy Foystone,2763121187,4262 Vahlen Court,Sedayu
Harley Broster,8336293516,45000 Carpenter Avenue,Seixo da Beira
Calypso Bunston,3832344969,2 Melvin Lane,Cruz
Adelice Betham,5883260299,779 Express Plaza,Örgön
Kipper Saffen,4536863347,42 Loftsgordon Lane,Liloan
Lynde Peckham,8727462870,99 Towne Park,Lingcheng
Eustacia Patis,9746775092,245 Roxbury Way,Shigu
Gwennie Jurasek,4161064047,187 Linden Circle,Quma
Halie Heitz,2866893018,4800 Victoria Parkway,Henglu
Hillard Dudgeon,7627850273,7560 Dunning Junction,San Vicente
Filberte Zanicchelli,6826123920,014 Bobwhite Avenue,Almalaguês
Fayina Schollick,2276756170,92 Clarendon Center,Puerto San José
Betteanne Gerardet,4983745983,8 Acker Junction,Fenghuo
Sybil Yallowley,4896539118,50 Lakewood Gardens Terrace,Xiaopu
Beverie Whittock,5852723009,90 Monument Junction,Viloco
Moritz Schuelcke,5527457364,66887 Sutherland Way,Masaran
Caresse Heaford,2467671972,01161 Cardinal Lane,Varser
Bobbe Dorsett,3273450144,30767 Weeping Birch Plaza,Bánica
Anne Pauling,5701219586,003 Swallow Parkway,El Rosario
Wainwright Cumpsty,2597383529,60 Union Pass,Bayabas
Harry Leel,4655023221,7 Evergreen Park,Liulin
Barbara-anne Mucklestone,4726542435,16711 Dakota Street,Tarbes
Viviyan Ganning,8085628841,01 Paget Road,Chizhou
Fred Helis,5346725665,95592 Vahlen Trail,Shishan
Nilson Wastie,9355543185,3 Sundown Place,Shangpai
Zorina Devers,8869384404,60 Monica Crossing,Bāsawul
Zeb Glazer,7799990900,1456 Warbler Way,Shaoha
Shel Mole,9794510892,49 Mendota Street,Prinza
Cathe MacCumeskey,5235779459,684 Sachs Plaza,Huxi
Muffin Feilden,6664176820,5 Barnett Road,Cértegui
Urbano Trays,9073284594,1921 6th Junction,Quatá
Alick Kleinber,2901180444,1699 Union Circle,Wensu
Filbert Piesold,3816872088,2534 Declaration Alley,Shostka
Israel Toppin,3727702594,6 2nd Place,Biaoshan
Gideon Bolmann,9649902673,288 Lien Alley,Shatou
Millisent Soigne,9038202188,00 Mosinee Way,Cergy-Pontoise
Rollo Paolini,5127523616,2672 Reindahl Crossing,Longmen
Neil Marrows,6986767703,4 Veith Park,Semibratovo
Elnar Fermoy,4771663606,623 Valley Edge Avenue,Pásion
Tiffi Killford,2608257241,08437 Burning Wood Street,Šventoji
Gaston Tivolier,6447573934,12 Shopko Avenue,Barru
Goldi Alliberton,3961039226,755 Doe Crossing Terrace,Basey
Zaria Belhomme,4839999494,58285 Barby Lane,Lesichevo
Horton Sterzaker,3182189083,92014 Derek Park,Janaka
Francisca Leggen,6083856297,57 Bartillon Circle,Luoshan
Renie I'anson,7632562880,6180 Westport Circle,Pleven
Uri O'Spellissey,8738810276,807 Farmco Hill,Isulan
Ernestine Patry,3688597694,148 Fairview Way,Pabuaran
Barty McInility,6881302401,51 Stephen Road,Lazeshchyna
Andras Wager,7045134564,8 Meadow Ridge Pass,Yanjiang
Kori Gorst,7867284739,43 Forest Dale Drive,La Eduvigis
Patton Ovitz,2192333109,26 Comanche Plaza,Anjirserapat
Terrijo Lodge,8606518525,7960 Packers Point,Taremskoye
Marybelle Steeden,8257360872,2338 Garrison Court,Tutem
Haskell Strongitharm,6711630760,69079 Schiller Road,Shigu
Lionello Cawkwell,5818871777,3835 Kim Parkway,Corbeil-Essonnes
Sisile Bagster,9808380735,769 Red Cloud Center,Prince Rupert
Katy Coaker,7823434048,85231 Washington Alley,Krajan
Vic Seggie,5594984961,631 New Castle Street,Sayama
Delia Pellew,6708000978,604 Mcbride Trail,Monte
Pam Throughton,9519950142,72 Roth Road,Heshang
Alysa Wiggins,6792895433,201 Lillian Parkway,Nässjö
Derrik Deetlof,1297671249,122 Forster Circle,Miraflores
Sibyl Albrook,4056000010,4 Fair Oaks Terrace,Duyanggang
Henry Meffan,2764703644,2 Green Ridge Pass,Nggesa
Gilemette Lathleiffure,4723692068,8 Atwood Way,København
Ezri Bickmore,9825279480,17643 Elgar Center,Luže
Sean Focke,2967701554,638 Toban Street,Quibdó
Britni Sanbrook,9783405094,7807 Mendota Drive,Chimanimani
Adlai Cheavin,5563304315,7 Haas Avenue,Ngulangan
Marshall Tawse,5597658487,8091 Dakota Point,Piastów
Philly Avarne,9931664481,39645 Mallory Circle,Luwan
Morie Gillicuddy,9565638363,55923 Shopko Terrace,Złotniki Kujawskie
Angelique Penzer,8949279966,09 Ilene Point,Radviliskis
Michael Warters,3507055163,26408 Carpenter Hill,Phichai
Brandyn Le Brom,7832698532,9522 8th Circle,Hato Mayor del Rey
Fax Gibbeson,1032200506,0 Roth Center,Garko
Georgina Coryndon,2656196605,9 Crowley Crossing,Kutorejo
Almeria Whinray,3902388435,678 Rutledge Center,Kiritsy
Baillie Appleyard,8241190629,90 Sheridan Plaza,Xinshancun
Clarisse Bretland,7731485608,37151 Nelson Junction,Antony
Ricky Murdy,1876869905,3 Summerview Court,Huili Chengguanzhen
Warner Hens,5008616686,15 Mayer Terrace,Huangliang
Arabelle Comins,7098699145,282 Prentice Parkway,Santo Domingo de los Colorados
Risa Lias,9538324463,698 Kingsford Hill,Tochio-honchō
Sianna McClymond,9802556166,711 8th Way,Belén
Delcine MacBey,3977983903,73878 Westport Center,Kamenica
Birch Sidnall,4966806866,8 Pearson Circle,Banjar Ponggang
Craig Ten Broek,1052651092,96163 Sunfield Avenue,Barajalan
Darius Geekie,5925583796,17 Warrior Circle,Zhangyang
Sauncho Boldra,9352284819,9 Packers Parkway,Camino Real
Vi Tomaini,7763862982,53 Service Terrace,Tallinn
Kale Eichmann,6371933287,6 Bartillon Alley,Dolní Dunajovice
Alane Ledner,8554806889,91231 Fuller Pass,Spirit River
Harley Ruslen,1576576851,4 Farragut Court,Malway
Codie Ayshford,4362453771,3777 Warrior Terrace,Pyshchug
Cosette Skipper,3458600179,44 Gerald Place,Butahai
Christie Way,9438744561,37 Hazelcrest Place,Glinka
Jareb Kelshaw,3196884069,1 Texas Parkway,Bacuyangan
Siegfried Stannas,8831729135,4 Golden Leaf Parkway,Ciomas
Denys Denis,6884382630,6762 Manufacturers Trail,Loket
Brendon Sprague,8405471491,68823 Northport Crossing,Insrom
Mackenzie Damerell,9324344791,144 Sachs Place,Keboireng
Malinda O'Connell,5361075003,34439 Susan Lane,Tunasbaru
Rafaello Gricewood,7732008812,43032 Hauk Circle,Santo Adrião Vizela
Marguerite Wakeham,5534702761,5 Moose Street,Tacarigua
Buck Cawkill,1649470449,5684 Hoard Plaza,Yabluniv
Dani Berndtssen,4661988308,7725 Westerfield Way,El Zapotal del Norte
Joan Burk,9935439898,051 Bowman Center,Longwan
Ottilie Chetham,7744931507,235 Sutherland Junction,Luorong
Donnell Figg,8094222008,185 Memorial Road,Tākestān
Heddi Coppock.,9231186141,95825 Lindbergh Court,Dumandesa
Merilee Tuckwell,7164224816,969 Grayhawk Alley,Mafang
Harlie Jarlmann,9078134655,1618 Green Crossing,Āl Ma‘ūdah
Antonino Biddulph,6035562979,64815 Paget Plaza,Idanre
Syd Flintiff,4651644606,0 Maple Circle,Pacapausa
Renard Acey,6742197917,6714 Old Gate Way,Manicaragua
Abbot Labet,4727249086,65209 Sutherland Road,Boafeo
Garik Swalowe,6852750390,59 Maywood Alley,Russkiy
Alvira Cicullo,3412272997,4291 Merchant Pass,Hebu
Kynthia Cawthera,2502672772,45473 Fair Oaks Hill,Bojnik
Tawnya Jagiello,5116995071,929 Cascade Street,Dhrosiá
Leonanie Davidove,4657106920,16030 Almo Pass,Bełk
Robyn Lygoe,5668617965,17 Shasta Court,Insrom
Aubrette Peschet,6206774565,8 Scott Alley,Novi Karlovci
Ricki Hovel,9245481662,55 Roxbury Parkway,Xiahan
Sig Artharg,2478122481,25153 Karstens Trail,Solnechnogorsk
Analise Belfrage,6416456859,38293 Jenna Crossing,Pivka
Filbert Frodsam,7993629866,54573 Green Ridge Way,Lebu
Annabelle Schulz,4143475660,73 East Avenue,Aldeias de Cima
Sallie Simukov,9134206209,3057 Cardinal Way,Agen
Bryce Ateridge,2124291153,79973 Kings Lane,Shaykh al Ḩadīd
Melisandra Wanklin,3143133342,73 Elgar Avenue,Gugut
Abigael Messent,8226486902,32902 Oxford Lane,Jaen
Sherman Latehouse,8067743822,92 Arapahoe Point,Igunga
Rog Ramsbotham,3913982628,39590 Parkside Road,Potosí
Nehemiah Sydall,9255418151,55030 Rowland Drive,Dubá
Alisander Bisatt,3209189473,0 Sutherland Center,Zango
Karylin Swainsbury,2392694384,190 Forest Dale Terrace,Tha Yang
Rivy Dove,4146822598,37 Westend Court,San Fernando
Sharlene Thompson,5705757619,50 Kinsman Place,Manolo Fortich
Terra Jaegar,4095213306,317 Burrows Street,Chignayhua
Thornie Chezelle,1125358348,80860 Westport Trail,Apodi
Amalie Geldart,4295562213,23869 Elmside Drive,Koltubanovskiy
Frederik Caldeyroux,2495689014,724 Becker Point,Maloarkhangel’sk
Thaine Gravy,9308243314,93 Sheridan Pass,Maracanaú
Ella Nortunen,9945180387,1 Logan Court,Quanyang
Imogene Wonfor,6877332491,92 Loomis Hill,Bugana
Rosabelle Norsworthy,3122927565,1149 Monterey Lane,Longhe
Farr Kincade,2838396299,76 Lawn Pass,San Juan Bautista
Jilli Littleover,4762274882,5 Sachs Circle,Meilin
Antonetta Hanne,4459137908,16 Welch Junction,Patquía
Dennie Baigent,8915308025,21 Lillian Crossing,Dayr Mawās
Clement Didball,1659402607,055 Laurel Court,Fakaifou Village
Edith Mawson,9121399780,2 Grim Place,Bangbayang
Gabie Climo,4885446487,26174 Derek Road,Gasa
Dietrich Scardefield,9081737057,1 Doe Crossing Alley,Maracaibo
Harmonia Francioli,8708672113,7035 Bowman Crossing,Ferreiros
Benn Stille,2855562089,05 Harbort Way,Coronel Martínez
Esme Leuty,8315766102,805 Lakeland Parkway,Beausejour
Whitney Spofforth,1708246024,82 Delaware Alley,Niugan
Tamarra Lefwich,6556381100,28 Hanson Crossing,Jimaguayú
Rennie Marsden,9389683742,02 Oriole Crossing,Oju
Easter Sedgemore,7598575227,02103 Karstens Plaza,San Marcelino
Kerby Gunson,5945435323,2198 Corscot Street,Cangchang
Olivette Shipman,2029339490,0056 Towne Road,Maceda
Avrit Eadmeads,2847829479,4423 2nd Circle,Bahir Dar
Patrice Manjot,9776130385,84400 Schmedeman Court,Windusakti Hilir
Thelma Cornewall,5271180813,9 Tennyson Crossing,Georgetown
Karmen Pyffe,3103940947,1169 Farwell Pass,Los Angeles
Raychel Walles,1963742877,087 Homewood Way,Curahnongko
Lia Sander,6609490600,95 Lukken Crossing,Vila Chã de Ourique
Kipper Cockman,6714066929,2535 Lindbergh Circle,Matara
Sherry Kornacki,4106073367,7272 Toban Point,Whitegate
Mame Larmor,6721510198,516 Quincy Parkway,Oeri’u
Mart Pauluzzi,5395588982,4307 Susan Hill,Nzega
Barbaraanne D'Oyley,9967458996,974 Cambridge Lane,Cotabato
Chane Poker,3332100759,280 Emmet Park,Матејче
Elbertine Stanex,6817985992,6706 Jenifer Alley,Tayum
Alta Calderon,5651629233,63959 Miller Trail,La Esperanza
Katusha Larenson,9387768802,009 Arkansas Avenue,Dongtou
Kenneth Auton,1023625441,1 Vermont Drive,Felgueiras
Inesita Donnan,6091516127,29438 Service Lane,Rizal
Hedwiga Beevens,1036324406,19 Mayer Parkway,Huanren
Nestor Mellenby,2339858365,91 Manufacturers Court,Paris 09
Ashlee Hancox,9445326660,1637 Cardinal Way,Péruwelz
Larina Hurton,9985500473,7 Carioca Alley,Houilles
Alma Ryan,8858416296,2351 Bultman Circle,Ivry-sur-Seine
Ricardo Osband,7577692848,8 Melody Junction,Keelung
Therese Worrell,7196371098,1436 Springview Road,Tadine
Oswald Biasio,6574313408,60 Victoria Parkway,Shirone
Ruddie Marflitt,3934548193,8225 Nancy Trail,Nanyang
Alphonse Andersson,3015146103,9 Hooker Parkway,Guansheng
Auberta Grebner,7219299014,63060 Eagan Hill,Flers
Floris Lisciandro,8889313637,22125 Sugar Junction,Huangbao
Broderic Allmark,2732109339,8 Hansons Alley,Santo Niño
Wayland Scholfield,1708602865,81 Melvin Street,Teplice
Shandy Andreu,5709389170,68 Hoard Junction,Claver
Paten Vankov,2848510355,24599 Hanson Circle,Thị Trấn Ngải Giao
Adham Zettoi,7872657759,1 Ohio Park,Xiangjiazhai
Roseline Wisbey,7568991825,46053 Tomscot Alley,Blama
Bab O'Henecan,7363580088,01 Prairie Rose Place,Rotunda
Kevon Knapman,3841162147,6037 Norway Maple Trail,Linares
Harvey Collidge,6023329991,5 Kingsford Junction,Xiahan
Keith Baglan,7712165346,30961 Lyons Lane,Tambalisa
Dara Kopelman,3805438770,70 Mariners Cove Park,Parbatipur
Nataline Fyers,1755078995,16527 Dahle Center,Owo
Timotheus Nicholl,7984599715,42 Charing Cross Avenue,Arrufó
Cristin Benit,9592003729,4941 Artisan Point,Sibubuhan
Lion Daine,9481559207,2 Little Fleur Parkway,Quintinha
Jeno Bestwerthick,9986089647,618 Raven Crossing,Dimitrovgrad
Reynard Davidof,1473143421,0 Debra Hill,Gândara de Aquém
Barny Will,1338328644,363 Thierer Junction,Trancas
Lucias Kibbe,5709335796,002 Commercial Drive,Zborište
Alonzo Zavattieri,2559434540,222 Algoma Drive,Canalete
Olia Kornyshev,2657128603,83882 Superior Way,Buena Vista
Roosevelt Matresse,6871270641,9 Ridgeview Court,Chabu
Lurlene Kmietsch,2636929755,905 Stone Corner Point,Arāk
Alair Antony,1695957937,22255 La Follette Drive,Padangtikar
Stevana Inkpin,4372620753,758 Cambridge Point,Canaries
Thornie Bourton,8177026451,50 Longview Parkway,Danderyd
Adelaida Scase,8449784162,9 Utah Place,Zhouhu
Tiphany Petofi,5189552472,96 Havey Circle,Albany
Shena Chasen,1681537861,3946 Calypso Terrace,Jinchuan
Rosabelle Flay,2759667369,93866 Morningstar Plaza,Sucre
Frants Jorg,6237596066,3 Burrows Crossing,Zarasai
Sven Golson,2448823200,3 Anthes Hill,Kimry
Ed Feore,8891343952,753 Redwing Circle,Shangpai
Harlen Doudny,4784441526,95285 Kipling Crossing,Didi Lilo
Denyse Jilkes,1723461824,446 3rd Lane,Jingling
Truman Massey,4559028108,34181 Porter Hill,Bełżyce
Quinn Goacher,2277074284,96 Fordem Alley,Cisagu
Cloris Westmore,3631107427,941 Linden Lane,Bouillon
Jorrie Penhaligon,7733273632,7196 Nelson Park,Karanggeneng
Mord O'Flynn,7034992698,81 Westend Court,Iles
Elset Nixon,9061121243,777 Mallory Drive,Linköping
Jacinthe Bourget,7889729096,172 Holmberg Pass,Yuncao
Bo Jedrzejewicz,8077879135,03 Bellgrove Parkway,Thị Trấn Phong Thổ
Taryn Yakubov,6759226676,3 Bultman Plaza,Xinhe
Caitrin O'Kielt,4242966460,053 Heffernan Road,Itaperuna
Harri Bernolet,4447600344,399 Ridge Oak Road,Panambi
Alanson Gaddes,6785784444,0534 Coolidge Crossing,Izmaylovo
Quinta Broughton,1867900436,7 Granby Terrace,Ağdaş
Riannon Pethrick,9947107901,9922 Vermont Way,Zibreira
Hayyim Cowely,7221391022,181 Fallview Avenue,Juyuan
Emilio Greenmon,2259976376,75484 Clove Pass,Khairiahmandah
Shermy Marcu,5673108060,7 Stoughton Alley,Hagfors
Peter Ghidoli,6614256095,11 Mockingbird Junction,El Rancho
Kissie Rowthorn,8881899405,89054 Green Alley,Ronglong
Boothe Birley,5705964966,3 Delaware Street,Qingping
Janaya Leuren,6038728770,8643 Darwin Road,Daxing
Chalmers Showler,4307323948,4386 Mockingbird Road,Shanshu
Malia Dogg,8107742953,29 School Center,Jingtailu
Kirsteni Mungan,1405829577,08276 Londonderry Point,‘Ayn al ‘Arab
Maude Ponde,4439322770,452 Vidon Alley,Marale
Hi Worsnup,1488708650,4585 Loftsgordon Hill,Shijing
Nikita Atheis,3614914410,11092 Fisk Alley,Manukau City
Dawn Jezard,7317671507,85 Merry Parkway,Ruihong
Taber Turney,3089910831,75 Badeau Court,Shouyan
Ermengarde Monery,5616764423,8 Melrose Avenue,Gesikan
Brendis Balloch,9564841516,265 Eliot Park,Kamenický Šenov
Avie Winton,3047145864,9 Jenna Park,Lysekil
Marty Vogeller,7936123842,86 Kim Crossing,Fengyuan
Curtis Coggill,7713118851,9 Dawn Hill,Zhaxirabdain
Ophelia Ayers,8984580654,94 Namekagon Court,Dzüünkharaa
Adella Arnoldi,2755227082,290 Morning Center,Manhan
Aubrette Pettipher,6757342567,3052 Ohio Lane,Las Mercedes
Tore Paffley,7541052079,7 Blue Bill Park Avenue,Shepetivka
Terencio Chidlow,6008346530,89 Mockingbird Way,Benisheikh
Johny Lambard,7896110703,26 Grim Trail,Al Hoceïma
Zena Gradley,3969983994,02 Carpenter Terrace,Venado Tuerto
Doreen De Gregorio,5122523386,2 Artisan Center,Girang
Pia Semark,3697794086,197 Merchant Park,Kcynia
Gabi Tidcomb,8125331184,8 Vermont Parkway,Evansville
Bondon Cursons,7757113869,8 Roxbury Pass,Pagangan
Ewart Filippone,1426307233,9225 Prairie Rose Lane,Yunxi
Shanta Richardson,1297307203,0 Summerview Point,Pshada
Marijo McRorie,7522327113,473 Oak Valley Street,Xiamazhuang
Arnie Benny,4068370131,426 Kingsford Park,Novopavlovsk
Kenon Gingedale,1434475455,7142 Grover Place,Piława Górna
Jon Sedwick,7842895329,7 Dorton Crossing,Swinford
Jaimie Gooley,7791436012,166 Huxley Hill,Jian’ou
Gnni Mehmet,5887010199,1813 Mendota Trail,Älvdalen
Nanette Vickery,1681139051,10011 Marquette Avenue,Manokwari
Aluin Courson,2145651697,4072 Arrowood Crossing,Curahkalak Tengah
Sheff Kharchinski,3772074177,7240 Maywood Pass,Dunlewy
Zandra Grigoli,8597676245,3620 Cordelia Plaza,Qianjiang
Agnese Runcie,7372752981,394 Carberry Alley,Satka
Augustine Casajuana,4181404691,6709 Ryan Hill,San Cristobal
Mill Simakov,1752913248,55 Bellgrove Crossing,Solna
Eden Plampeyn,9799634704,5 Mccormick Alley,Xuxiake
Colan Sheron,4862450933,46989 Washington Center,Bang Rakam
Rubin Spinley,4504505742,17 Weeping Birch Parkway,Laojunpo
Dina Kusick,2879615872,75 Little Fleur Point,Guisijan
Howie Curzon,8053574283,399 Ridgeview Street,El Peñol
Jandy Gother,2669561157,9170 Transport Plaza,Mascouche
Ruddy Gladhill,2629869300,29 Charing Cross Avenue,RMI Capitol
Demetra Silvers,1756924405,11 Manley Trail,Káto Miliá
Harbert Musso,7148034235,1 Saint Paul Crossing,Ribeirópolis
Zelda MacGregor,2993445593,79 Annamark Pass,Arjona
Pen Schmidt,1901294374,9 Carioca Parkway,Cibinong
Wilmette Caso,5942484020,8 Lake View Park,Jiangnan
Jimmie Hofner,4854938275,3002 Springview Junction,Villa Nueva
Sybille Culley,1527475871,916 Hazelcrest Plaza,Hradec Králové
Otho Cartan,7998378991,0 Independence Court,Qinglin
Sophronia Gebby,9458198368,68 Roth Trail,Stockholm
Vivie Rivers,7423957299,122 Red Cloud Crossing,Kobyzhcha
Josiah Spry,9706318130,2045 Fordem Way,Rogóźno
Cody Cocking,8456676891,9666 Melody Place,Na Yong
Zondra Grishmanov,8582083382,73 Iowa Circle,San Diego
Flossy Emlyn,2392308201,0628 Spohn Street,Warungbanten
Tore Suller,5058843764,5964 Northfield Center,Alexandria
Reube Vasyukhin,2811673896,13981 Crowley Street,Anuling
Glenda Gritton,1168696783,6161 Miller Lane,Wadung
Meryl Gerwood,3328911771,7390 Welch Center,Cachoeiro de Itapemirim
Afton Dener,5156757023,63757 Prairie Rose Terrace,Smilavichy
Linus Pomphrett,4743029623,17 Melrose Junction,Gyamco
Denny Skunes,9391352052,30910 Sutteridge Trail,Shcherbinka
Durand Gallamore,1427900475,29 Rusk Park,Dobrá
Ermanno Torrent,8018449669,15 Portage Place,Denton
Berthe Woolacott,8468287538,3 5th Avenue,Masjid
Nadya Ouldred,7224332635,36129 Heffernan Place,Smiths Falls
Rosabel Mcmanaman,5717297909,2246 Magdeline Plaza,Mayapusi
Jordan Pudney,6222665708,781 Rowland Hill,Lethem
Parke Tallboy,9241184264,69982 Walton Place,Jinshan
Theodore Crufts,8261146263,43865 Charing Cross Avenue,Rawson
Augy Khoter,8706305299,3393 Jenifer Crossing,Dagkar
Prinz Bricknall,3223362127,46 Fisk Pass,Tatabánya
Bogart Keepe,8566859845,60308 4th Park,Cavadas
Nil Dace,6712572725,1610 Mitchell Court,Banjar Pande
Curcio Darwood,1746516300,01 Hanover Place,Pustá Polom
Lyn Dellenty,4405529588,2377 Red Cloud Drive,Walichnowy
Adler Casol,4841290358,11 Atwood Trail,Lop Buri
Kristi Colliver,4594883848,21503 International Drive,Ilandža
Rosalia Harnor,5507386045,9 Hanover Circle,Tamansari
Simon Whittick,4419713469,538 Northview Terrace,Lingmen
Esmaria Punchard,7788972667,43243 Jay Circle,Legen
Tommi Folli,6079768442,77 Maple Drive,Dolní Cerekev
Markos Buffery,7299106829,7 Beilfuss Junction,Arevik
Putnam Cansdill,5915410760,337 Washington Road,Czarnocin
Bartlet Vaneschi,2548339110,33 Maryland Way,Zaječov
Buffy Northcott,2675734556,9 Lakewood Gardens Circle,Mokopane
Hallsy Dunsire,4079311983,9050 Texas Crossing,Cential
Leanora Ernke,3898740392,865 Corben Plaza,Janja
Hamlin Othick,5033785508,35995 Mosinee Junction,Yujiao
Dewey Servant,1776301109,043 3rd Street,Jerada
Moria Shirrell,3174155579,7 Tony Court,Cox’s Bāzār
Jaclin Murby,6817392213,72 Butterfield Place,Nanxindian
Tomas Pee,3211813970,465 Hazelcrest Center,Potok Złoty
Juditha Meharry,7876574959,76 Hollow Ridge Pass,Mawang
Shurlock Armfield,3498106315,09 Harper Way,Cisagu
Gayleen Kellert,1043419742,288 Forest Dale Center,Sarongan
Lulita Mauditt,6924158216,75 Barby Street,Touzao
Susan McKellen,8875608675,73 Hanson Point,Tibillo
Brandie Strank,9167762639,01 Homewood Court,Dordrecht
Dennie Myrie,5954942390,4433 Briar Crest Terrace,Shcherbinka
Conrade McIlroy,3685624880,732 Packers Place,Tarrafal
Corty Edgson,4556088405,96 Pearson Way,Dok Kham Tai
Giorgi Reid,8306939167,29810 Amoth Parkway,Al Bāriqīyah
Maximo Hartnup,5005898378,165 Dakota Drive,Piotrków Trybunalski
Bobine Mugford,7242449875,3528 Clove Hill,Conselheiro Lafaiete
Benjie Gotter,4693545187,08828 Oneill Trail,Pulo
Crystal Shotboult,8706644139,8 Corry Street,Mojokerto
Lindie Pierton,4863748777,6 Forest Dale Center,Namioka
Jermain Firth,1402471333,83986 Tennessee Parkway,Cabugao
Charmion Durnin,7275522336,518 Johnson Pass,Wujiashan
Ilyssa Duncanson,5736817989,9 Quincy Terrace,Roissy Charles-de-Gaulle
Kalie Opdenorth,2511413999,95 Bay Crossing,Lingbei
Gerianne Grimsdell,4546564155,7 Delaware Alley,Cireundang
Lee Bover,7571266244,237 Crowley Trail,Virginia Beach
Gates Tink,3861330385,64 Chive Hill,Kréstena
Antonio Burris,1487610671,89 Boyd Drive,Guozhuang
Micah Baud,7314769158,12 Sheridan Terrace,Sindangheula
Alick Aslett,2538363204,84193 Emmet Park,Sukaraja
Tades McPartling,7127307048,65 Declaration Street,Minle
Selena Nosworthy,5773027412,73224 Prairie Rose Drive,Hali
Jessee Lattey,7624549926,9 Corben Trail,Shumyachi
Kayla Ackland,9295800119,93944 Dixon Road,Novo Hamburgo
Rutter Kobera,7035886029,9265 Pennsylvania Road,Beigang
Joye Trousdell,2718807578,3 Packers Place,Yongfeng
Kalil Hegden,9116461408,4748 Autumn Leaf Place,Chemin Grenier
Irina Unwins,1511646603,33286 Hayes Alley,Jiangmen
Esta Walkowski,4149840325,152 Vernon Junction,Millau
Thorndike Matthesius,4199922396,46718 Mifflin Street,Buenavista
Myer Drinan,8433474074,9436 Ryan Point,Ibotirama
Minne Jayme,6904850329,5969 Nobel Way,Vitória do Mearim
Rochelle Burree,6529697896,730 Service Trail,Gaowu
Egbert Du Pre,2264948420,0 Algoma Hill,La Unión
Stanton Sawyers,7009911601,687 Blue Bill Park Lane,Erba
Pia Polo,8206127580,541 Glendale Pass,Krzanowice
Jerad Longmate,5498773306,47 Washington Circle,Pocsi
Eddy Ridolfo,6349068721,2 Butternut Street,Yuanjue
Georges Barnwille,2977910599,7 Oneill Parkway,Duishan
Rudolph Brookwood,3169603613,7936 Farwell Trail,Tete
Stefa Knowlson,6411394117,41 Northland Circle,Ashmūn
Isak Crennan,8712118520,0 Portage Terrace,Agusan
Hadrian Jillings,7217796796,01375 Browning Circle,Belo Horizonte
Chryste Magwood,2814550814,7 Pierstorff Lane,Seremban
Claretta Braim,8193543575,53212 Crescent Oaks Street,Patong
Tallie Furze,7689488560,66623 South Alley,Ārifwāla
Angele Ziemsen,2088208256,51815 Stephen Avenue,Plaju
Camile Conant,1819433907,48 Boyd Avenue,Ninomiya
Jamal Stickford,2907482954,913 Towne Road,Riosucio
Lebbie de Clercq,2306419300,139 Eagan Terrace,Havre-Saint-Pierre
Dahlia O'Downe,7287964481,437 Garrison Lane,‘Alāqahdārī Kirān wa Munjān
Angelo Ralls,8514131728,0240 Bay Junction,Bratsk
Derk Grahamslaw,6953071065,7 Killdeer Crossing,Changping
Elwood Scarce,7985808684,120 Ridgeview Parkway,Vermil
Sylvia O'Roan,1725247941,26 Carpenter Road,Juazeiro do Norte
Pablo Jobson,7193940684,5 Hansons Lane,Changxi
Giffie Sandeford,6092729555,8 Truax Trail,Knivsta
Casie Lightoller,9878120350,68 Springview Pass,Paris 14
Hyacinthia Bellord,1192283308,51 Scoville Park,Aquidauana
Stephannie Bastiman,5019280060,8 Anhalt Street,Takeshiken
Sarene Winks,1459909635,99940 Eastwood Center,Nungga
Chrystel Sparey,6959484378,23 Marcy Drive,Vis
Tess Cocci,9784688362,0 Melby Place,Oja
Jermayne Ortiga,3529155547,7 Barnett Drive,Yanghe
Christina Neesham,5592410049,23 Oriole Crossing,Ronov nad Doubravou
Fabe Duxbury,4374844534,312 Arapahoe Terrace,Linköping
Trina Scoates,2147936407,652 Northfield Avenue,Gapan
Maurine Thornber,8392947314,8131 7th Alley,Dobra
Jerrilyn Geldert,5712565970,5 Mayfield Road,Richmond
Cortie Tackes,4567165840,08521 Hazelcrest Pass,Emiliano Zapata
Derk Hutchence,6429161792,189 Mesta Avenue,Khadzhalmakhi
Daphene cornhill,6897372905,52659 Barby Park,Bueng Sam Phan
Isak Sine,6526669912,253 Little Fleur Terrace,Chiguirip
Georgine Goulden,6014935909,6181 Miller Circle,Laagri
Cal Blinman,8339106943,9 Elmside Park,Jianghai
Burg Simla,2216686624,9570 Garrison Crossing,Oepuah
Waring Denley,6211329010,372 Eliot Drive,Dualing
Lidia Tredger,2395576916,083 Anzinger Plaza,Porangaba
Anna-diana Stillwell,3871436147,941 Randy Terrace,Gbadolite
Nerta Lomaz,2663703684,554 Ruskin Alley,Kamirenjaku
Bride Simnett,4403763782,6002 Center Hill,Lisala
Red Killgus,8973127766,9 1st Point,Karaundi
Gabbi Thaxton,8577725364,392 Hagan Lane,Yongfa
Alverta Albers,3831673532,33 Beilfuss Hill,Golem
Mara Maytum,1919811095,11 Sommers Drive,Ketawang
Norby Eingerfield,9388090697,674 Warner Pass,Las Matas de Farfán
Dana Darlington,2755249239,80882 Hooker Lane,Östersund
Saraann Simeoli,2162278144,2811 Roxbury Point,Sangali
Emmalynn O'Hartigan,5283279706,1250 Ramsey Place,Hovorany
Lodovico Espin,9594975380,281 Sloan Avenue,Anahuac
Dukie Kettlesing,1974215341,750 Monica Avenue,Shuhong
Aurora Martinyuk,6368682471,28053 Springs Place,Wawu
Sholom Kennerley,8604623753,91 Westerfield Road,Tankhoy
Barney Paiton,4553484196,10 Cardinal Junction,Kyperoúnta
Charline Weetch,4183221716,93 Thierer Court,Reutov
Rosalyn Ragot,7603241006,96 Prairieview Trail,Valbo
Moina Thynne,7951864363,1 Stone Corner Place,Shamboyacu
Pavel Karpets,9077602034,3 Elmside Center,Ondangwa
Myles Jovis,8667715947,14346 Bluejay Junction,Ust’-Labinsk
Ange Mordey,8224204749,1 Onsgard Point,Yanghou
Brigit Crockley,4325119520,891 Nelson Point,Belfast
Violet Rosel,4888612403,0380 Melby Way,Limbaan
Meaghan Neubigin,2612645507,22334 Spaight Point,Aguazul
Dita Muckloe,5765908772,3310 Memorial Pass,Nama
Ezechiel Pucker,1825314238,32144 Trailsway Plaza,Phra Phutthabat
Ashlee Rollinshaw,4753503230,181 Haas Place,Huanggang
Luther Nicholl,7864508697,7350 Fallview Center,Clearwater
Sly McOwen,5099757208,24 Melby Way,Tielong
Terencio Burlingham,5261910361,800 Hermina Plaza,Tawala
Mirella Sherrington,9648177274,97 5th Park,Embi
Bernard Mathwen,7695913163,568 Mcguire Point,Hongmiao
Filippo Scholler,4128276092,24 Darwin Lane,Lishu
Ofelia Lumox,8705145112,60 Granby Way,Dalang
Hieronymus Clemetts,7753358030,00 Cardinal Way,Kowo
Siouxie Bransom,4917723391,96678 Stoughton Circle,Paracuru
Constancy Shipp,8107345177,07 Namekagon Avenue,Glubokiy
Cam Rudolph,1436005734,8501 Russell Street,Sölvesborg
Leone Backhurst,9697824979,0858 Derek Center,Za‘tarah
Alayne Forth,2683457694,9773 Menomonie Street,Xiadingjia
Kristo Whybrow,5617009731,8976 Tomscot Pass,Tayu
Eilis Coutthart,2618658762,71 Huxley Crossing,Emiliano Zapata
Leigh Meriguet,9436491877,99867 Walton Avenue,Timrå
Lem Valasek,1509297635,967 Loftsgordon Alley,Zhangjia
Grove Vanichev,8523363012,4681 Nevada Place,Faraulep
Riva Havelin,8456533849,8569 Wayridge Junction,Khagrachhari
Leupold Norvill,8347088584,93655 Alpine Hill,Tapas
Luciano Askaw,9166374310,49699 Burning Wood Crossing,Mont-Tremblant
Harland Killelay,1524762264,45 Gateway Parkway,Boncong
Myron Digges,4553022261,170 Jenifer Drive,Newtown
Merrilee Inskipp,4649257818,15554 Starling Pass,Zhouling
Nadiya Broscombe,4159230496,6557 Gulseth Alley,Xiangquan
Udell Huffy,5457146235,85 Namekagon Crossing,Vypolzovo
Artus Atcheson,9865028342,06 Hagan Hill,Ndibène Dahra
Ketty Tackes,4538700495,4 Bashford Lane,Zhongchao
Quintin Nannizzi,9876261150,9232 Mosinee Terrace,Napel
Benjy Josefson,1284239057,0513 Starling Point,Póvoa
Jaynell Bredee,9769465235,69743 Longview Point,Bangad
Brander Wantling,9509351150,61585 Dottie Avenue,Funza
Betti Eadie,9024327338,64 Cardinal Park,Vyshneve
Astrix Dwelly,5745341194,85 Oxford Court,Guanmian
Maynord Worrell,3987437622,6200 Carey Pass,Carhuac
Domeniga Shrieve,6388322061,08 Oak Terrace,Morje
Haleigh Lowman,7469820580,386 Elmside Court,Binkolo
Hartley Britney,7644925481,9530 Arizona Street,Shanjiang
Kingsley Suddell,9513053303,82723 Village Green Park,Zhangye
Cullen Winscom,4167762079,1 Dennis Trail,Laem Sing
Johannes Rolston,3336550454,087 Kim Way,Irákleion
Jervis Ouver,8847194048,81 Troy Park,Kozel’shchyna
Moselle Pic,9637469864,04723 Graceland Terrace,Port Moody
Farlee Leah,4719093490,3417 Jenifer Place,Dimitrovgrad
Gorden Salmen,8254477310,6 Arapahoe Plaza,Coronda
Gardy Loghan,6225769721,74990 Evergreen Terrace,Bangunsari
Colly Escritt,7636399723,06506 Lyons Terrace,Solna
Flinn Cocher,7702685610,19829 High Crossing Crossing,Dhanot
Elisa Kinig,1713672603,13 Hoffman Plaza,Cát Bà
Pippa Dive,1777439288,1966 Lakewood Gardens Pass,Sanlanbahai
Clayborn Hugli,1388404164,2060 Hayes Court,Fosses
Ellwood Jurisic,4126177147,917 American Way,Romans-sur-Isère
Aubrey Mewis,6131441741,27 Mccormick Point,Beigucheng
Kerstin Runsey,1138244827,4 Rusk Hill,Falefa
Saw Epperson,9409203531,297 Charing Cross Junction,Nikolayevskaya
Pearline Barabich,9758753666,23003 Vernon Circle,Mliwang
Giacomo Ostick,7904398969,33028 Crescent Oaks Avenue,Mozirje
Didi Meighan,2632965026,8 Straubel Street,Chinú
Amery Bannerman,2045868076,2 Milwaukee Trail,Crossfield
Whitney Tod,1904546538,2453 Aberg Place,Jianchang
Gordon Heaney,5515435202,62885 Forest Dale Hill,Río Tercero
Else Baylie,8414049307,354 Scott Junction,Xubu
Tallie Di Nisco,7274915741,4653 Lighthouse Bay Hill,Santa Helena de Goiás
Rudy Aggs,7199518535,0 Bowman Place,Kitahiroshima
Yance Passie,6531986774,7 Forest Run Lane,Jingning Chengguanzhen
Martyn Cokely,9114586031,402 Jenna Lane,Songgang-dong
Sibyl Sidebotham,3103245605,207 Eastwood Drive,Bishan
Towney Vawton,2379276685,98340 Corben Junction,Bulnes
Padgett Jiroutek,4846558915,3380 International Trail,Zarechnyy
Dario Coad,6223711221,83 Talisman Court,Dongkan
Emogene Gittins,7508549365,59532 Red Cloud Alley,Burirao
Leena Dudeney,6738967854,57 Butterfield Hill,Polevskoy
Kort Denekamp,6867921135,2569 Rowland Center,Kowale Oleckie
Xena Aldington,8725510976,3 Texas Drive,Haokou
Demetris Silver,4925514688,1507 Brown Lane,Datarnangka
Dillie Hamerton,2222662976,071 Knutson Trail,Begejci
Nertie Sloper,6692113178,8 Donald Point,Sumurwaru
Conant Rosbottom,5301979916,489 Monument Center,Cihaur
Pamela Caffin,2446854002,66 Nevada Terrace,Antonio Toledo Corro
Onida Gwynn,9998790108,81866 Merry Center,Dokolo
Kayle Bollam,7783958109,02 Hanson Junction,Granja do Tedo
Jodee Hasson,6832874035,6 Melody Crossing,Ayia Napa
Urbain McDonnell,3595810390,253 Shopko Way,Oropesa
Dedie Lohrensen,5248013564,0781 Hazelcrest Parkway,Concepción
Franchot Duffer,2463364486,20 Homewood Trail,Bahía Honda
Morgen Wrigley,7951626809,82 Delladonna Pass,Qinglong
Kati Jaher,6319740496,6496 Sloan Circle,Krosno
Aaren Handford,7389985111,7680 Northview Lane,Montauban
Bear Draye,5032448027,5 Morning Street,Tanjung Kidul
Leena Craigg,1403996787,346 Village Green Hill,Orsk
Sanson Cockarill,1201748283,4604 Dovetail Place,Berezivka
Vicky Cutress,8007577406,72797 Lillian Trail,Kostino
Creight Jurges,4451981188,1 Grim Road,Blois
Shep Brigman,8188429347,2 Bay Lane,Maebashi-shi
Pavia Hoodspeth,3949964477,31501 Columbus Hill,Isfara
Alexandra Elie,6099301989,42 School Street,Greater Napanee
Albertine Coling,2214242734,88 Reindahl Alley,Ferkessédougou
Ambur Bouda,9486010073,0125 Elgar Center,Courelas Bravas
Cornie Postance,6798105919,20 Dunning Hill,Sirte
Bail Ansley,6788651455,024 Arapahoe Point,Nowy Korczyn
Arline Binne,2252805483,9 Dixon Crossing,Sviblovo
Dallon Macourek,6498949050,57 Meadow Ridge Place,Moyuan
Tucker Osmond,5155072512,31 West Terrace,Shuyuan
Jonas Geare,4752613435,0101 Mayfield Circle,Guyancourt
Orly Bold,5436059382,71905 Lakewood Gardens Avenue,Rizári
Chic Broschek,6219853192,533 Namekagon Plaza,Shijiazhuang
Mariana Knutsen,9872397422,10718 Morning Point,Zheleznodorozhnyy
Skylar Artinstall,4013360501,5892 Pine View Parkway,Xinlin
Jareb Baly,5496937717,79656 Summer Ridge Hill,Buenavista
Dina Ghiraldi,9557463823,3 Brentwood Lane,Banda Layung
Dylan Stephen,2865899106,98 Del Sol Place,Kimberley
Gabriell Argyle,8455608902,17321 Waubesa Circle,Tianchang
Ulrica Willgress,6133675271,72 Waubesa Plaza,Dayr al Ghuşūn
Jeno Lomasna,1899114998,6424 Melrose Lane,Cholpon-Ata
Ainslee Giorio,1162088657,7 Novick Street,La Joya
Hannah Gear,9958141077,7645 Cascade Center,Ribeira
Harriet Hucklesby,4363587778,187 Starling Court,Linjiang
Artie La Batie,2316384972,58 Dovetail Alley,Entebbe
George Robison,8773942102,73072 Jackson Point,Francisco Morato
Ewart Hatrick,2692019534,9327 Macpherson Way,Yucheng
Zsa zsa Whittock,8918872971,2268 5th Pass,Ash Shaddādah
Patty Stading,3704964387,275 Autumn Leaf Point,Jinping
Suzann Carvell,1759837717,487 Northfield Junction,Serebryanyye Prudy
Judah Riddler,4482819269,023 Heath Court,Eslöv
Adolph Cokely,8215547177,157 Service Avenue,Yashio-shi
Ilaire Korejs,3982542906,0450 Gerald Junction,Berdyans’k
Bidget Thurborn,3284600230,42080 Luster Terrace,Gominhães
Corry Theunissen,5688594981,1 Darwin Point,Hekou
Brannon Stanyland,8442885555,8 Glendale Pass,Igarapé Miri
Justinn Kilminster,7757480444,7462 Hallows Road,Nakhon Si Thammarat
Shelbi Cathie,5284899144,444 Stang Crossing,Koszarawa
Magdalene Surguine,9305106619,3 Donald Center,Návsí u Jablunkova
Torey Shea,6618778895,2 6th Way,Shashi
Pattie Hillan,1713482332,1446 Kim Drive,Quanling
Hillary Marsland,2371625464,8 Chive Pass,Tumpang
Vivia Peet,7537425891,1625 Trailsway Terrace,Kamienna Góra
Kathleen Siddele,6711900328,1 Tony Parkway,Balun
Craig Wrotham,3645759754,8 Sunfield Junction,Puerto Eldorado
Nadiya Keilloh,3604408536,37548 Farwell Lane,Hepu
Melosa Gready,4335040126,9 Nevada Circle,Tshikapa
Gilbert Bubbear,9017419946,0593 Carioca Junction,Pragen Selatan
Krystal Peinke,8086553703,5 Milwaukee Hill,Jiangshi
Vivienne Gerleit,8413197004,3603 Raven Trail,Marechal Cândido Rondon
Nathanil Deluca,9189458633,56460 Arapahoe Trail,Gōdo
Rik Waterfall,5549520217,63 Gale Way,Nanniu
Tawsha Aubray,4281874205,4890 Waxwing Crossing,Colombes
Todd Stockill,9962184952,4365 Forster Pass,La Trinidad
Caddric Kalkhoven,9895963952,87193 Troy Way,Bekwai
Fax Naylor,3341391306,6332 Westridge Street,Pinghu
Archibald Juliano,4942943238,5561 Killdeer Lane,Bayan-Ovoo
Chaddie MacGuffog,1302979804,5672 Golden Leaf Street,Geji
Chariot Tebboth,2884153888,2168 Corben Alley,Myślenice
Olivero Tesoe,4782807867,3703 Sheridan Hill,Aucayacu
Lily Makiver,9129288666,975 Hanson Trail,Ferapontovo
Berty Carress,1422534456,93205 Goodland Junction,Kangān
Davon Trematick,7714079096,9 Mallard Trail,Yongfeng
Bekki Vanni,1209140570,6 Maple Way,Sanrao
Lizette De Paepe,6301024341,96 Veith Circle,Shanling
Kari Vanin,5786890148,3 Esker Lane,Poste du Lac
Tudor Rubinlicht,3443069988,3854 Reinke Point,España
Ambur Vicar,7405295100,40908 Scott Parkway,Kutum
Enrico Zanardii,8822903172,185 Wayridge Court,Tomsk
Albert Scotchbourouge,7481334251,8392 Moose Plaza,Dalubian
Sawyer Broun,9198339449,98 Banding Pass,Pār Naogaon
Anderson Casse,5886425799,7084 Holmberg Circle,Xiumei
Kimberley Humpatch,7324276468,8954 Arrowood Point,Vodňany
Maxy Bram,5368296195,325 Fisk Lane,Xinye
Stacey Atwood,4299017615,717 Paget Lane,Keleng
Sheree Evequot,5435484963,4 Golf Hill,Tai’an
Gavin Dobbyn,3876716107,3479 5th Way,Ambarakaraka
Adham Jolly,8341703624,295 Marcy Crossing,Texíguat
Blinny Rhyme,3074019396,9391 Dexter Drive,Hongxing
Bob Paur,2831234862,4548 Eastwood Parkway,Timmins
Christabella Blezard,7771609951,72536 Lillian Center,Sekarjalak
Emalee Schistl,4322055439,036 Ryan Center,Damiao
Joyan Mieville,3071815803,8 Quincy Hill,Ryazanskaya
Muffin Baford,4776947094,93417 Pierstorff Place,Moholm
Cristobal Mallabone,4067898354,819 Cambridge Pass,Tullich
Charyl Merali,7541395572,31 Corry Lane,Kamo
Martica Galilee,9079401421,50 Brown Terrace,Larvik
Tabby Gaye,2241822520,20 Dwight Alley,Planaltina
Hercules Carratt,7296703758,2 Randy Lane,Yaguachi Nuevo
Marie-jeanne McOmish,1552913820,899 Texas Trail,Falāvarjān
Willabella Thewlis,7541111564,87 Hermina Terrace,Nazca
Vinny Sidwick,2689958199,32620 Charing Cross Hill,Jabal os Saraj
Salvidor Waitland,6891158963,5320 New Castle Alley,Dayou
Ravid Rance,8926687650,48946 Carberry Avenue,Písečná
Selia Whettleton,8261399441,93 Debs Trail,San Juan
Jenifer Nabbs,9107445115,1545 2nd Avenue,Velika
Bab Paulack,7615579945,376 Tomscot Circle,Rudolfov
Woodie McCauley,8735497904,45 Golden Leaf Trail,Cimitarra
Berti Trillow,5472125529,10399 Almo Drive,Katsuta
Darius Grelka,7952844947,28 Rieder Park,Zheleznodorozhnyy
Geneva Montrose,6804612039,62 Dennis Avenue,Guancangping
Skip Janatka,7502788277,156 Lillian Alley,Buraen
Ailbert Sawley,6396775760,26663 Maple Wood Lane,Wasagu
Astrix Rainsbury,9601723143,37283 Shoshone Trail,Alfenas
Malinda Szymczyk,9668669204,95 Nobel Hill,Tugdan
Richmond Beazley,5379371427,75 Petterle Terrace,Butwāl
Kenon Koeppke,1661742028,40091 Birchwood Plaza,Minyue
Aaron Spinney,8749578209,108 Corry Drive,Yong’an
Adela Torbet,8144479697,0021 Golden Leaf Street,Faranah
Claudette Nott,9387225697,81 Everett Point,Zhoinda
Marlow Boldra,5712410046,25 Twin Pines Alley,Kham Sakae Saeng
Jessalin Sharrard,7248824247,1 Union Place,L'Épiphanie
Bobbette Heritege,4963281937,774 Magdeline Street,Valbo
Inger McCoish,2403925187,0349 Roth Circle,Sibulan
Evered Tavener,6341126108,5113 Lotheville Trail,Delft
Lindy Joanic,7293706401,08 Novick Center,Pagsañgahan
Fania Glascott,2835442438,16 4th Center,Qitao
Mannie Dillet,6122855039,00929 Carberry Plaza,Jiangzao
Cherlyn Perrott,1461510938,9 Corscot Point,Tieba
Dannie Serridge,8596258399,27457 Linden Lane,Gaiyang
Eduardo Dorow,3555913980,74 Mandrake Road,Lapu-Lapu City
Fina Dougal,6001880813,6540 Oxford Point,Neochórion
Thom Segot,2799824794,53200 Columbus Junction,Paitan Norte
Merle Domenge,5975190049,72488 Bobwhite Way,18 de Marzo
Vin Walak,7715769667,0 Riverside Center,Penteado
Melitta Sarfatti,1573596708,6584 Prairieview Street,Jandaia do Sul
Dorthy Dufaire,9266103656,666 Autumn Leaf Place,Osvaldo Cruz
Kasper Schroder,9503438184,6 Bartelt Place,Negombo
Jenni Plumptre,8356498823,2120 Quincy Terrace,Aguaí
Caria Turn,5089413807,302 Swallow Court,Changqiao
Oates Voisey,5196109346,69 Norway Maple Street,Xiaomenjia
Doralin Paschke,6728827485,3 Bluejay Trail,Kohāt
Hurley Jopling,1839616220,0567 Sauthoff Alley,Stochov
Truda Pietrzak,3926465393,433 Hauk Terrace,Ostaszewo
Shaylynn Van Dalen,3639458316,163 Blaine Court,Lindesberg
Sanderson Sweeting,4688198829,89339 Iowa Place,Sepīdān
Berta Dowall,9269348135,29779 Vernon Center,Horad Rechytsa
Novelia Devereux,9873882627,4 Prairie Rose Lane,Phlapphla Chai
Alana Inch,4069557467,9398 Burning Wood Street,Kholm
Cris Cullotey,2647333861,6 Summit Drive,Malitbog
Aylmar Neathway,5501869513,1 Bartillon Point,Gongjiang
Danni Necrews,8458618704,73961 South Crossing,Chojnice
Urson Johnys,8148961735,8154 Arizona Place,Constance
Eugen Burghill,6958453409,11 Ronald Regan Alley,Shuangqiao
Mariya Horley,4542577610,24009 Straubel Drive,Ōdachō-ōda
Lenka Swettenham,5537898775,53039 Morning Place,Igbo Ora
Marwin Windaybank,4687394705,6 Dawn Way,Dong Charoen
Shelton Canning,4869324696,759 Twin Pines Pass,Piekielnik
Rica Di Francecshi,5584860356,9660 Vahlen Drive,Shicheng
Liuka Nudde,9303962671,62332 Summit Avenue,Podolí
Ilka Witt,8618008589,6 Northport Trail,Vila Fria
Candace Tinsley,6926080998,378 Luster Point,Arpajon
Gussi Labin,4846151772,022 Chive Street,Tailing
Davis Accum,8032764179,0824 Meadow Valley Place,Huanipaca
Rossy Daouze,9408863516,652 Bluejay Road,Archángelos
Lowrance Guiett,8381780209,3 Ronald Regan Road,Gose
Flynn China,4286151006,334 Lillian Center,Wutan
Wallache Ream,7564205027,07760 Becker Alley,Xueshan
Clarie McCrory,9087046734,9428 1st Hill,Kakegawa
Loren McGaugey,9188149716,60306 Coolidge Drive,Kotlovka
Gaultiero Lage,1793223150,74 Redwing Hill,Prachamtakham
Viola Battabee,9042179706,20 Meadow Vale Road,Hejiaping
Enoch McClinton,3092167249,84085 Esch Lane,Hesheng
Humfried Sumpner,5574948440,0278 Hagan Drive,Chýnov
Ajay Cristea,1726129404,5539 Thackeray Circle,Xindi
Augustus Hughlock,4369702801,64 5th Place,Náousa
Theodora Cursey,4071375382,17552 Knutson Park,Orlando
Codi Strass,8631900393,0113 Pepper Wood Junction,Kandahār
Sabine Baudasso,1192709820,436 Mendota Avenue,Puno
Pris Sobtka,1039068529,7504 Helena Lane,Goseong
Phillis Kingsnode,4357886276,5 Killdeer Alley,Bilje
Rubia Keher,7797432866,74 Forster Park,Dawung
Even Verdey,7979855800,8600 Melody Circle,Mŭynoq
Alessandro Gregory,9536898213,8 Dahle Drive,Oshnavīyeh
Gualterio Rickasse,8084045316,46 Thierer Alley,Kuršėnai
Jada Lamport,9993092821,5176 International Trail,Kaa-Khem
Dennison Audry,5892559516,8070 Di Loreto Trail,Sangatta
Judye Desson,3696218197,5050 Kenwood Parkway,Ust’-Labinsk
Link Broker,1759067013,05 Columbus Court,San Mariano
Celeste Cashell,4359140302,831 Iowa Pass,Salt Lake City
Verney Kildahl,5623679031,061 Saint Paul Avenue,Delgado
Eachelle Faulconbridge,7039775571,7 Morning Place,Washington
Anabel Casemore,3119030801,0 Merchant Way,Lillehammer
Tedmund Gosling,2221595503,79 Northfield Drive,Ciawitali
Rasia Munro,6022153014,6 Dwight Court,Braunschweig
Stacia Skipworth,1382500762,38 Erie Terrace,Xinquansi
Jeana Daymont,2462625919,611 Katie Hill,Catalina
Sibilla Smiley,1298558213,79074 Bluestem Plaza,Wiang Chiang Rung
Tabina Coppock.,1194037555,2538 Tennyson Drive,Luhans’ke
Joanna Jelly,1773146377,722 Grover Road,Bagdadi
Virgina Suffield,9885337661,97 Tennyson Crossing,Nanaimo
Olivette Fritter,3911363909,7992 Pennsylvania Park,Garwolin
Amanda Croisier,1755936665,1 Bashford Terrace,Bagan
Nixie Zellick,3111083559,5 8th Place,Baratã
Bartlet Thinn,2214226760,06 Dwight Hill,Cabaritan East
Kira Matcham,8248719135,2 Golf Course Junction,Qionghai
Candy Veryard,7638262852,2981 Haas Parkway,Tukan
Ashely A'field,3584715070,26306 Welch Hill,Al Azraq ash Shamālī
Arda Minocchi,3174036099,25921 Killdeer Center,Staroutkinsk
Elonore Dell,3092667524,6216 Armistice Park,Pekan
Ximenez Bloxham,9347297052,95 Ronald Regan Point,København
Rodina Hairesnape,1561593128,3 Crescent Oaks Crossing,Umeå
Consuelo Russan,7873833598,90896 Orin Pass,Bŭka
Ivor Ritch,8205917556,0905 Di Loreto Plaza,Kabasalan
Shaun Marshfield,7903519943,6646 Mockingbird Street,Xilian
Aeriela Kingswoode,9189528639,003 Talisman Parkway,Mahaddayweyne
Nessy Skoughman,3325931376,57547 Sunbrook Parkway,Shyroke
Meredithe Brunn,8497023770,508 Granby Park,Mabugang
Jocko Ingrem,4969787689,10494 Blaine Junction,Yayva
Jillane Honacker,3993999381,355 Nelson Trail,Jianli
Quint Bidewel,8228803303,852 Lukken Lane,Dungkek Laok
Douglass Mobbs,1961401036,94 Fuller Parkway,Mungyeong
Glen Sheeres,3025401437,2750 Northridge Park,Flor da Mata
Harland Traynor,3628432682,39816 Nova Circle,Reinaldes
Elane Margery,6421744437,3147 Sunfield Court,Bijie
Geralda Leppard,9917916515,67419 Morningstar Drive,Lyon
Bryanty Barthram,8882263677,98231 Elka Road,Grande Rivière Noire
Chrissy Flaxon,4815089531,6250 Steensland Way,Tucurú
Jean Chambers,5333187151,83 Hazelcrest Way,Łapczyca
Scarface Tagg,9717433203,85676 Hayes Park,Hedi
Vanny Hartless,8679537920,5616 Mcguire Plaza,Xinyu
Gayle Fireman,8379828743,76847 Westridge Way,Lajeado
Leshia Vousden,4569768033,91 Westend Way,Ústí nad Orlicí
Brnaba Clethro,6398330602,566 Bonner Pass,Shanglian
Eugenie Downing,8442960824,760 Prairieview Circle,Shilovo
Emalia Bedwell,2094290224,455 2nd Way,Donji Dobrić
Kat Skahill,8905829863,8 Badeau Lane,Jasienica Rosielna
Berthe MacPeake,3648735972,8063 Sachs Hill,Åkersberga
Allx Rugiero,9044746332,81548 Knutson Court,Caen
Luce Tregona,3951997419,2361 Ridgeway Court,Tiwi
Weylin D'Agostino,1463810621,697 Jana Lane,Sunfang
Mechelle Reeder,5816021241,19 Cascade Trail,Liuqu
Waylon Dumbrell,5289505523,503 Marcy Terrace,Guder
Brittaney Ebbers,7439912166,018 Mcbride Trail,Rubizhne
Nicholle Chaff,1128128639,0 Warbler Alley,Ping’an
Currey Camlin,3334291164,9 Lakewood Terrace,Krajan Karangwage
Jordanna Van Castele,3377959659,7482 Carey Junction,Repušnica
Sherill Zywicki,6672073114,25870 Myrtle Road,La Broquerie
Blancha Mytton,8014255495,2 Onsgard Road,Waco
Lindi McGrirl,1534812106,5561 Lake View Lane,Niandui
Josee Palffy,7572406526,5 Daystar Alley,Virginia Beach
Bernarr Martell,6647696211,2 Gerald Park,Jardín América
Philly Adam,1585076708,0420 Kennedy Junction,Novotroitsk
Denyse Le Surf,2151003857,8 Truax Parkway,Xarrë
Judah Bilsland,5147828527,32 Troy Court,Isesaki
Tamma Shrimplin,8962094411,44 Clarendon Pass,Qinghe
Constance Nawton,5312091105,9 Mitchell Way,Zuolan
Howard Lechmere,2172304005,3 Gateway Pass,Dalaba
Lorianne Fronzek,8287078862,7223 Hanover Crossing,São Roque
Bab Christy,7822406706,3124 Mayfield Trail,Muldersdriseloop
Sawyer Jeannenet,6324200355,76642 Arapahoe Pass,Jenzan
Clemmie Charter,1778773641,740 Atwood Drive,Kosmach
Louella Morrell,8144578185,80 Nobel Point,Saparua
Johan Muro,8721673489,9 Norway Maple Parkway,Pasuruan
Innis Seamarke,4022451346,62 Oak Junction,Lembur Tengah
Homer Aronovitz,5684520582,3 Anthes Court,Hadano
